0000001;Blue Stream;Contacts;Michael Johnson;011 555 6767;082 444 9999;michael@bluestream.org.za;;;;;;;;;"General Manager
Don't call between 12PM and 4 PM"
0000001;Blue Stream;Contacts;Sarah Williams;011 765 0288;078 999 7676;sarah@bluestream.org.za;;;;;;;;;Owner
0000001;Blue Stream;Website;Wordpress;;pappasmurf;P@55W0RD!;http://bluestream.org.za/wp-admin;;;;;;;;
0000001;Blue Stream;Email;IMAP;Sarah;sarah@bluestream.org.za;Blue!Stream99;mail.bluestream.org.za Port 993;mail.bluestream.org.za Port 465;;;;;;;10 GB Mailbox Limit
0000001;Blue Stream;Email;IMAP;Michael;michael@bluestream.org.za;Blue!Stream33;mail.bluestream.org.za;mail.bluestream.org.za;;;;;;;10 GB Mailbox Limit
0000001;Blue Stream;Email;IMAP;Jane;jane@bluestream.org.za;Blue!Stream10;mail.bluestream.org.za;mail.bluestream.org.za;;;;;;;5 GB Mailbox
0000001;Blue Stream;Email;IMAP;;accounts@bluestream.org.za;Blue!Stream99;mail.bluestream.org.za Port 993;mail.bluestream.org.za Port 993;;;;;;;5 GB Mailbox
0000001;Blue Stream;Domains;bluestream.org.za;2026-02-10;Power 100GB;R599-00;;;;;;;;;Invoiced Monthly
0000002;Purple Duck;Contacts;Emma Du Toit;011 777 3000;082 969 9696;emma@purpleduck.co.za;;;;;;;;;Owner
0000002;Purple Duck;Email;IMAP;Emma;emma@purpleduck.co.za;"ZeBra@;99**!";mail.purpleduck.co.za;mail.purpleduck.co.za;;;;;;;
0000002;Purple Duck;Email;IMAP;Shane;shane@purpleduck.co.za;Zx222Jel441;;;;;;;;;
0000002;Purple Duck;Domains;purpleduck.co.za;2025-08-19;Power 50GB;R399;;;;;;;;;Invoiced Monthly
0000002;Purple Duck;Website;Wordpress;;admin;Zxcbv2222@;https://www.purpleduck.co.za/wp-admin;;;;;;;;
0000003;Sea Monkey;Domains;seamonkey.org.za;2026-09-12;Power 100GB;R599;;;;;;;;;Invoiced Monthly
0000003;Sea Monkey;Website;Shopify;;admin@websitewonders.co.za;ZxQW%%%777;https://www.shopify.com/;;;;;;;;
0000003;Sea Monkey;Email;IMAP;Zain;zain@seamonkey.org.za;NewP@SSWORD77;mail.seamonkey.org.za;mail.seamonkey.org.za;;;;;;;20 GB Mailbox
0000003;Sea Monkey;Email;IMAP;;info@seamonkey.org.za;NewP@SSWORD88;mail.seamonkey.org.za;mail.seamonkey.org.za;;;;;;;10 GB Mailbox
0000003;Sea Monkey;Email;IMAP;Rachel;rachel@seamonkey.org.za;NewP@SSWORD99;mail.seamonkey.org.za;mail.seamonkey.org.za;;;;;;;15 GB Mailbox
0000003;Sea Monkey;Contacts;Rachel Hellwich;;076 512 3456;rachel@seamonkey.org.za;;;;;;;;;Owner
0000004;BrainTrain;Domains;braintrain.co.za;2026-02-14;Parking;R199;;;;;;;;;Client Has Office 365, Invoiced Annualy
0000004;BrainTrain;Website;Wordpress;;admin;VewTooZoo1234;https://braintrain.co.za/wp-admin;;;;;;;;
0000004;BrainTrain;Email;Office 365 Exchange;;lea@braintrain.co.za;Bl@ckCoff33@25;NA;NA;;;;;;;50 GB Mailbox
